{
    "schemaName": "orders",
    "dimensionFieldSpecs": [
      {"name": "id", "dataType": "STRING"},
      {"name": "userId", "dataType": "INT"},
      {"name": "deliveryLat", "dataType": "DOUBLE"},
      {"name": "deliveryLon", "dataType": "DOUBLE"},
      {"name": "items", "dataType": "JSON"}
    ],
    "metricFieldSpecs": [
      {"name": "productsOrdered", "dataType": "INT"},
      {"name": "totalQuantity", "dataType": "INT"},
      {"name": "price", "dataType": "DOUBLE"}
    ],
    "dateTimeFieldSpecs": [
      {
        "name": "ts",
        "dataType": "TIMESTAMP",
        "format": "1:MILLISECONDS:EPOCH",
        "granularity": "1:MILLISECONDS"
      }
    ]
}