{
    "tableName": "orders",
    "tableType": "REALTIME",
    "segmentsConfig": {
        "timeColumnName": "ts",
        "timeType": "MILLISECONDS",
        "retentionTimeUnit": "DAYS",
        "retentionTimeValue": "1",
        "schemaName": "orders",
        "replicasPerPartition": "1"
    },
    "tenants": {},
    "tableIndexConfig": {
        "loadMode": "MMAP",
        "streamConfigs": {
            "streamType": "kafka",
            "stream.kafka.consumer.type": "lowLevel",
            "stream.kafka.topic.name": "orders",
            "stream.kafka.decoder.class.name": "org.apache.pinot.plugin.stream.kafka.KafkaJSONMessageDecoder",
            "stream.kafka.consumer.factory.class.name": "org.apache.pinot.plugin.stream.kafka20.KafkaConsumerFactory", 
            "stream.kafka.broker.list": "kafka:9092",
            "stream.kafka.consumer.prop.auto.offset.reset": "smallest"
        }
    },
    "ingestionConfig": {

        "transformConfigs": [
            {
                "columnName": "ts",
                "transformFunction": "FromDateTime(createdAt, 'yyyy-MM-dd''T''HH:mm:ss.SSSSSS')"
            },
            {
                "columnName": "totalQuantity",
                "transformFunction": "JSONPATHLONG(items, '$.sum($.[*].quantity)')"
            },
            {
                "columnName": "productsOrdered",
                "transformFunction": "JSONPATHARRAY(items, '$.length()')"
            }
        ]
    },
    "metadata": {
    }
}