{
    "tableName": "order_items_enriched",
    "tableType": "REALTIME",
    "segmentsConfig": {
        "timeColumnName": "ts",
        "timeType": "MILLISECONDS",
        "retentionTimeUnit": "DAYS",
        "retentionTimeValue": "1",
        "schemaName": "order_items_enriched",
        "replicasPerPartition": "1"
    },
    "tenants": {},
    "tableIndexConfig": {
        "loadMode": "MMAP",
        "streamConfigs": {
            "streamType": "kafka",
            "stream.kafka.consumer.type": "lowLevel",
            "stream.kafka.topic.name": "enriched-order-items",
            "stream.kafka.decoder.class.name": "org.apache.pinot.plugin.stream.kafka.KafkaJSONMessageDecoder",
            "stream.kafka.consumer.factory.class.name": "org.apache.pinot.plugin.stream.kafka20.KafkaConsumerFactory", 
            "stream.kafka.broker.list": "kafka:9092",
            "stream.kafka.consumer.prop.auto.offset.reset": "smallest"
        }
    },
    "ingestionConfig": {
        "complexTypeConfig": {
            "delimeter": ".",
            "fieldsToUnnest": [
                "items"
              ]
        },
        "transformConfigs": [
            {
                "columnName": "ts",
                "transformFunction": "\"createdAt\""
            }
        ]
    },
    "metadata": {
        "customConfigs": {}
    },
    "routing": {
        "instanceSelectorType": "strictReplicaGroup"
    }
}