{"name": "Paneer & Onion", "description": "Creamy Paneer I Onion", "price": "89", "category": "pizza mania", "image": "https://www.dominos.co.in//files/items/Paneer_Special.jpg", "crusts": ["New Hand Tossed", "New Hand Tossed"], "crustSizes": ["regular"], "prices": {}}
{"name": "Pepsi Black Can", "description": "PEPSI BLACK CAN", "price": "60.00", "category": "beverages", "image": "https://www.dominos.co.in//files/items/pepsi_black.png"}
{"name": "Moroccan Spice Pasta Non Veg", "description": "", "price": "165", "category": "pasta", "image": "https://www.dominos.co.in//files/items/MoroccanPastaNonVeg_N.jpg", "crusts": [], "crustSizes": ["regular", "medium", "large"], "prices": {}}
{"name": "Non Veg Supreme", "description": "Bite into supreme delight of Black Olives, Onions, Grilled Mushrooms, Pepper BBQ Chicken, Peri-Peri Chicken, Grilled Chicken Rashers", "price": "609", "category": "non veg pizzas", "image": "https://www.dominos.co.in//files/items/MicrosoftTeams-image_(13).png", "crusts": ["Classic Hand Tossed", "Cheese Burst", "New Hand Tossed", "Wheat Thin Crust", "Fresh Pan Pizza", "Classic Hand Tossed", "Cheese Burst", "New Hand Tossed", "Wheat Thin Crust", "Fresh Pan Pizza"], "crustSizes": ["regular", "medium", "large"], "prices": {"Regular": "365", "Medium": "609", "Large": "935"}}
{"name": "Deluxe Veggie", "description": "For a vegetarian looking for a BIG treat that goes easy on the spices, this one's got it all.. The onions, the capsicum, those delectable mushrooms - with paneer and golden corn to top it all.", "price": "385", "category": "veg pizzas", "image": "https://www.dominos.co.in//files/items/Deluxe_Veggie.jpg", "crusts": ["Classic Hand Tossed", "Cheese Burst", "New Hand Tossed", "Wheat Thin Crust", "Fresh Pan Pizza", "Classic Hand Tossed", "Cheese Burst", "New Hand Tossed", "Wheat Thin Crust", "Fresh Pan Pizza"], "crustSizes": ["regular", "medium", "large"], "prices": {"Regular": "219", "Medium": "385", "Large": "619"}}
{"name": "Taco Mexicana-veg(single)", "description": "Truly irresistible! Crispy taco with a decicious veg patty & creamy sauce", "price": "85", "category": "side orders", "image": "https://www.dominos.co.in//files/items/taco.png", "crusts": [], "crustSizes": ["regular", "medium", "large"], "prices": {}}
{"name": "Cheese N Tomato", "description": "A delectable combination of cheese and juicy tomato", "price": "305", "category": "pizza mania", "image": "https://www.dominos.co.in//files/items/cheese_and_tomato.png", "crusts": [], "crustSizes": ["regular", "medium", "large"], "prices": {}}
{"name": "The 4 Cheese Pizza", "description": "Cheese Overloaded pizza with 4 different varieties of cheese and 4 times the cheese of a normal pizza, including a spicy hit of Ghost", "price": "649", "category": "veg pizzas", "image": "https://www.dominos.co.in//files/items/PIZ0171.jpg", "crusts": ["New Hand Tossed", "Fresh Pan Pizza", "New Hand Tossed", "Fresh Pan Pizza"], "crustSizes": ["regular", "medium", "large"], "prices": {"Regular": "355", "Medium": "649", "Large": "979"}}
{"name": "Keema Do Pyaza", "description": "Delicious minced chicken keema topped with crunchy onions on your favourite cheesy pizza", "price": "455", "category": "non veg pizzas", "image": "https://www.dominos.co.in//files/items/updated_keema_do_pyaza.webp", "crusts": ["New Hand Tossed", "Wheat Thin Crust", "New Hand Tossed", "Wheat Thin Crust"], "crustSizes": ["regular", "medium", "large"], "prices": {"Regular": "255", "Medium": "455", "Large": "679"}}
{"name": "Cheese N Corn", "description": "Cheese I Golden Corn | Cheese n Corn Pizza", "price": "305", "category": "veg pizzas", "image": "https://www.dominos.co.in//files/items/Corn_&_Cheese.jpg", "crusts": ["Classic Hand Tossed", "Cheese Burst", "New Hand Tossed", "Wheat Thin Crust", "Fresh Pan Pizza", "Classic Hand Tossed", "Cheese Burst", "New Hand Tossed", "Wheat Thin Crust", "Fresh Pan Pizza"], "crustSizes": ["regular", "medium", "large"], "prices": {"Regular": "179", "Medium": "319", "Large": "519"}}
{"name": "Brownie Fantasy", "description": "Sweet Temptation! Hot Chocolate Brownie drizzled with chocolate fudge sauce", "price": "59.00", "category": "side orders", "image": "https://www.dominos.co.in//files/items/brownie_fantasy.png", "crusts": [], "crustSizes": ["regular", "medium", "large"], "prices": {}}
{"name": "Crunchy Strips", "description": "Oven baked wheat thin crips with peri peri seasoning with a cheesy dip", "price": "75", "category": "side orders", "image": "https://www.dominos.co.in//files/items/crunchy_strips.png", "crusts": [], "crustSizes": ["regular", "medium", "large"], "prices": {}}
{"name": "Capsicum", "description": "Capsicum", "price": "69", "category": "pizza mania", "image": "https://www.dominos.co.in//files/items/CapsicumVeg.jpg", "crusts": ["New Hand Tossed", "New Hand Tossed"], "crustSizes": ["regular"], "prices": {}}
{"name": "Double Cheese Margherita", "description": "The ever-popular Margherita - loaded with extra cheese... oodies of it!", "price": "385", "category": "veg pizzas", "image": "https://www.dominos.co.in//files/items/Double_Cheese_Margherita.jpg", "crusts": ["Classic Hand Tossed", "Cheese Burst", "New Hand Tossed", "Wheat Thin Crust", "Fresh Pan Pizza", "Classic Hand Tossed", "Cheese Burst", "New Hand Tossed", "Wheat Thin Crust", "Fresh Pan Pizza"], "crustSizes": ["regular", "medium", "large"], "prices": {"Regular": "215", "Medium": "385", "Large": "619"}}
{"name": "Non Veg Loaded", "description": "Peri - Peri chicken | Pepper Barbecue | Chicken Sausage in a fresh pan crust", "price": "175", "category": "pizza mania", "image": "https://www.dominos.co.in//files/items/LoadedC.jpg", "crusts": [], "crustSizes": ["regular"], "prices": {}}
{"name": "Indi Chicken Tikka", "description": "The wholesome flavour of tandoori masala with Chicken tikka I onion I red paprika I mint mayo", "price": "295", "category": "non veg pizzas", "image": "https://www.dominos.co.in//files/items/MicrosoftTeams-image_(18).png", "crusts": [], "crustSizes": ["regular", "medium", "large"], "prices": {"Regular": "339", "Medium": "599", "Large": "879"}}
{"name": "New Hand Tossed", "description": "Classic Domino's crust. Fresh, hand stretched.", "price": "295", "category": "choice of crusts", "image": "https://www.dominos.co.in//files/items/Crust_272X272.jpg", "crusts": [], "crustSizes": ["regular", "medium", "large"], "prices": {}}
{"name": "Chicken Sausage", "description": "Chicken Sausage & Cheese", "price": "375", "category": "pizza mania", "image": "https://www.dominos.co.in//files/items/MicrosoftTeams-image_(17).png", "crusts": ["New Hand Tossed", "New Hand Tossed"], "crustSizes": ["regular"], "prices": {"Regular": "205", "Medium": "375", "Large": "605"}}
{"name": "Chicken Dominator", "description": "Treat your taste buds with Double Pepper Barbecue Chicken, Peri-Peri Chicken, Chicken Tikka & Grilled Chicken Rashers", "price": "609", "category": "non veg pizzas", "image": "https://www.dominos.co.in//files/items/MicrosoftTeams-image_(11).png", "crusts": ["Classic Hand Tossed", "Cheese Burst", "New Hand Tossed", "Wheat Thin Crust", "Fresh Pan Pizza", "Classic Hand Tossed", "Cheese Burst", "New Hand Tossed", "Wheat Thin Crust", "Fresh Pan Pizza"], "crustSizes": ["regular", "medium", "large"], "prices": {"Regular": "365", "Medium": "609", "Large": "935"}}
{"name": "Burger Pizza- Classic Veg", "description": "", "price": "125", "category": "burger pizza", "image": "https://www.dominos.co.in//files/items/160790_Burger_Pizza_427X298_Pixel.jpg", "crusts": [], "crustSizes": ["regular", "medium", "large"], "prices": {}}
{"name": "5 Pepper", "description": "Dominos introduces \"5 Peppers\" an exotic new Pizza. Topped with red bell pepper, yellow bell pepper, capsicum, red paprika, jalapeno &\u00a0sprinkled\u00a0with exotic herb", "price": "450", "category": "veg pizzas", "image": "https://www.dominos.co.in//files/items/5_Pepper.jpg", "crusts": [], "crustSizes": ["regular", "medium", "large"], "prices": {}}
{"name": "Mirinda (500ml)", "description": "", "price": "60.00", "category": "beverages", "image": "https://www.dominos.co.in//files/items/mirinda.png"}
{"name": "Stuffed Garlic Bread", "description": "Freshly Baked Garlic Bread stuffed with mozzarella cheese, sweet corns & tangy and spicy jalape\u00f1os", "price": "139", "category": "side orders", "image": "https://www.dominos.co.in//files/items/stuffed-garlic-breadstick_1346070564.webp", "crusts": [], "crustSizes": ["regular", "medium", "large"], "prices": {}}
{"name": "Paneer Paratha Pizza", "description": "An epic fusion of paratha and pizza with melting cheese & soft paneer fillings to satisfy all your indulgent cravings", "price": "215", "category": "paratha pizza", "image": "https://www.dominos.co.in//files/items/paneerparatha.jpg", "crusts": [], "crustSizes": ["regular", "medium", "large"], "prices": {}}
{"name": "Cheese Dip", "description": "A dreamy creamy cheese dip to add that extra tang to your snack.", "price": "25", "category": "side orders", "image": "https://www.dominos.co.in//files/items/_thumb_17450.png", "crusts": [], "crustSizes": ["regular", "medium", "large"], "prices": {}}
{"name": "Burger Pizza- Classic Non Veg", "description": "", "price": "165", "category": "burger pizza", "image": "https://www.dominos.co.in//files/items/Burger_Pizza_Non.jpg", "crusts": [], "crustSizes": ["regular", "medium", "large"], "prices": {"Regular": "", "Medium": ""}}
{"name": "Achari Do Pyaza", "description": "Tangy & spicy achari flavours on a super cheesy onion pizza- as desi as it gets!", "price": "335", "category": "veg pizzas", "image": "https://www.dominos.co.in//files/items/updated_achari_do_pyaza.webp", "crusts": ["New Hand Tossed", "Wheat Thin Crust", "Fresh Pan Pizza", "New Hand Tossed", "Wheat Thin Crust", "Fresh Pan Pizza"], "crustSizes": ["regular", "medium", "large"], "prices": {"Regular": "185", "Medium": "335", "Large": "559"}}
{"name": "Taco Mexicana Non Veg", "description": "A crispy flaky wrap filled with Hot and Smoky Chicken Patty rolled over a creamy Harissa Sauce.", "price": "175", "category": "side orders", "image": "https://www.dominos.co.in//files/items/Main_Menu-NVG.jpg", "crusts": [], "crustSizes": ["regular", "medium", "large"], "prices": {"Regular": "", "Medium": ""}}
{"name": "Onion", "description": "Onion", "price": "59", "category": "pizza mania", "image": "https://www.dominos.co.in//files/items/onion_veg.jpg", "crusts": ["New Hand Tossed", "New Hand Tossed"], "crustSizes": ["regular"], "prices": {}}
{"name": "Chicken Pepperoni", "description": "A classic American taste! Relish the delectable flavor of Chicken Pepperoni, topped with extra cheese", "price": "365", "category": "non veg pizzas", "image": "https://www.dominos.co.in//files/items/MicrosoftTeams-image_(20).png", "crusts": ["New Hand Tossed", "Wheat Thin Crust", "Fresh Pan Pizza", "New Hand Tossed", "Wheat Thin Crust", "Fresh Pan Pizza"], "crustSizes": ["regular", "medium", "large"], "prices": {"Regular": "365", "Medium": "609", "Large": "935"}}
{"name": "Paneer Tikka Stuffed Garlic Bread", "description": "Freshly Baked Stuffed Garlic Bread with Cheese, Onion and Paneer Tikka fillings. Comes with a dash of Basil Parsley Sprinkle", "price": "175", "category": "side orders", "image": "https://www.dominos.co.in//files/items/BRD0030.webp", "crusts": [], "crustSizes": ["regular", "medium", "large"], "prices": {}}
{"name": "Indo Fusion Chicken Pizza", "description": "Relish the fusion of 5 of your favorite chicken toppings - Peri Peri Chicken, Chicken Pepperoni, Chicken Tikka, Pepper Barbecue Chicken and Chicken Meatballs", "price": "709", "category": "chicken lovers pizza", "image": "https://www.dominos.co.in//files/items/ind_fus.jpg", "crusts": ["New Hand Tossed", "Wheat Thin Crust", "Fresh Pan Pizza", "New Hand Tossed", "Wheat Thin Crust", "Fresh Pan Pizza"], "crustSizes": ["regular", "medium", "large"], "prices": {"Regular": "405", "Medium": "709", "Large": "1049"}}
{"name": "Roasted Chicken Wings Peri-peri", "description": "", "price": "175", "category": "chicken", "image": "https://www.dominos.co.in//files/items/Roasted-chicken-192x192.png", "crusts": [], "crustSizes": ["regular", "medium", "large"], "prices": {}}
{"name": "Creamy Tomato Pasta Veg", "description": "", "price": "145", "category": "pasta", "image": "https://www.dominos.co.in//files/items/CreamyTomatoVeg_N_(3).jpg", "crusts": [], "crustSizes": ["regular", "medium", "large"], "prices": {}}
{"name": "Roasted Chicken Wings Classic Hot Sauce", "description": "", "price": "175", "category": "chicken", "image": "https://www.dominos.co.in//files/items/Roasted-chicken-192x192.png", "crusts": [], "crustSizes": ["regular", "medium", "large"], "prices": {"Regular": "", "Medium": ""}}
{"name": "Cheesy", "description": "Orange Cheddar Cheese I Mozzarella", "price": "95", "category": "pizza mania", "image": "https://www.dominos.co.in//files/items/PrimeCheesyL.jpg", "crusts": ["New Hand Tossed", "New Hand Tossed"], "crustSizes": ["regular"], "prices": {}}
{"name": "Crinkle Fries", "description": "Crispy wavy masala coated fries served with a spicy tomato chilli sauce", "price": "75", "category": "side orders", "image": "https://www.dominos.co.in//files/items/crinkle_fries.png", "crusts": [], "crustSizes": ["regular", "medium", "large"], "prices": {}}
{"name": "Margherita", "description": "A hugely popular margherita, with a deliciously tangy single cheese topping", "price": "245", "category": "veg pizzas", "image": "https://www.dominos.co.in//files/items/Margherit.jpg", "crusts": ["Classic Hand Tossed", "Cheese Burst", "New Hand Tossed", "Wheat Thin Crust", "Fresh Pan Pizza", "Classic Hand Tossed", "Cheese Burst", "New Hand Tossed", "Wheat Thin Crust", "Fresh Pan Pizza"], "crustSizes": ["regular", "medium", "large"], "prices": {"Regular": "109", "Medium": "245", "Large": "455"}}
{"name": "Chicken Pepperoni Stuffed Garlic Bread", "description": "Freshly Baked Garlic Bread stuffed with Delectable Chicken Pepperoni, Cheese and sprinkled with Basil Parsley", "price": "175", "category": "side orders", "image": "https://www.dominos.co.in//files/items/BRD0031.webp", "crusts": [], "crustSizes": ["regular", "medium", "large"], "prices": {}}
{"name": "The 5 Chicken Feast Pizza", "description": "Loaded with 5 different Chicken toppings - grilled Chicken Rashers, Chicken Meatballs, Chicken Tikka, herby Chicken Sausage and flavorful Chicken Keema", "price": "709", "category": "chicken lovers pizza", "image": "https://www.dominos.co.in//files/items/chicken_feast.jpg", "crusts": ["New Hand Tossed", "Wheat Thin Crust", "Fresh Pan Pizza", "New Hand Tossed", "Wheat Thin Crust", "Fresh Pan Pizza"], "crustSizes": ["regular", "medium", "large"], "prices": {"Regular": "405", "Medium": "709", "Large": "1049"}}
{"name": "Spiced Double Chicken", "description": "Delightful combination of our spicy duo- Pepper Barbecue Chicken and Peri Peri Chicken for Chicken Lovers.", "price": "569", "category": "chicken lovers pizza", "image": "https://www.dominos.co.in//files/items/spiced_doubled.jpg", "crusts": ["New Hand Tossed", "Wheat Thin Crust", "Fresh Pan Pizza", "New Hand Tossed", "Wheat Thin Crust", "Fresh Pan Pizza"], "crustSizes": ["regular", "medium", "large"], "prices": {"Regular": "315", "Medium": "569", "Large": "845"}}
{"name": "Corn N Cheese Paratha Pizza", "description": "A crazy fusion like never before. A delicious fusion of corn stuffed paratha and cheesy pizza.", "price": "179", "category": "paratha pizza", "image": "https://www.dominos.co.in//files/items/cornncheesepp.jpg", "crusts": [], "crustSizes": ["regular", "medium", "large"], "prices": {}}
{"name": "Red Velvet Lava Cake", "description": "A truly indulgent experience with sweet and rich red velvet cake on a creamy cheese flavoured base to give a burst of flavour in", "price": "145", "category": "side orders", "image": "https://www.dominos.co.in//files/items/CAKE03.jpg", "crusts": [], "crustSizes": ["regular", "medium", "large"], "prices": {}}
{"name": "Chicken Meatballs Peri-peri ", "description": "", "price": "155", "category": "chicken", "image": "https://www.dominos.co.in//files/items/Chicken-Meat-balls-192x192.png", "crusts": [], "crustSizes": ["regular", "medium", "large"], "prices": {}}
{"name": "Boneless Chicken Wings Peri-peri", "description": "", "price": "185", "category": "chicken", "image": "https://www.dominos.co.in//files/items/Boneless-Chicken-wings-192x192.png", "crusts": [], "crustSizes": ["regular", "medium", "large"], "prices": {}}
{"name": "Chicken Parcel", "description": "", "price": "55", "category": "side orders", "image": "https://www.dominos.co.in//files/items/150135_Aha_Non_Veg_439x307-01.jpg", "crusts": [], "crustSizes": ["regular", "medium", "large"], "prices": {"Regular": "", "Medium": ""}}
{"name": "Taco Mexicana Veg", "description": "A crispy flaky wrap filled with Mexican Arancini Bean Patty rolled over a creamy Harissa Sauce.", "price": "145", "category": "side orders", "image": "https://www.dominos.co.in//files/items/Main_Menu-VG.jpg", "crusts": [], "crustSizes": ["regular", "medium", "large"], "prices": {}}
{"name": "Veg Parcel", "description": "", "price": "45", "category": "side orders", "image": "https://www.dominos.co.in//files/items/150135_AHA_Menu_main_1.jpg", "crusts": [], "crustSizes": ["regular", "medium", "large"], "prices": {}}
{"name": "Paneer Makhani", "description": "Paneer and Capsicum on Makhani Sauce", "price": "559", "category": "veg pizzas", "image": "https://www.dominos.co.in//files/items/Paneer_Makhni.jpg", "crusts": ["Classic Hand Tossed", "Cheese Burst", "New Hand Tossed", "Wheat Thin Crust", "Fresh Pan Pizza", "Classic Hand Tossed", "Cheese Burst", "New Hand Tossed", "Wheat Thin Crust", "Fresh Pan Pizza"], "crustSizes": ["regular", "medium", "large"], "prices": {"Regular": "305", "Medium": "559", "Large": "815"}}
{"name": "Veggie Paradise", "description": "Goldern Corn, Black Olives, Capsicum & Red Paprika", "price": "385", "category": "veg pizzas", "image": "https://www.dominos.co.in//files/items/Digital_Veggie_Paradise_olo_266x265.jpg", "crusts": ["Classic Hand Tossed", "Cheese Burst", "Wheat Thin Crust", "Fresh Pan Pizza", "Classic Hand Tossed", "Cheese Burst", "Wheat Thin Crust", "Fresh Pan Pizza"], "crustSizes": ["regular", "medium", "large"], "prices": {"Regular": "239", "Medium": "419", "Large": "629"}}
{"name": "Moroccan Spice Pasta Pizza - Non Veg", "description": "A pizza loaded with a spicy combination of Harissa sauce, Peri Peri chicken chunks and delicious pasta.", "price": "509", "category": "non veg pizzas", "image": "https://www.dominos.co.in//files/items/MoroccanSpicePPNV_N.jpg", "crusts": ["New Hand Tossed", "Wheat Thin Crust", "Fresh Pan Pizza", "New Hand Tossed", "Wheat Thin Crust", "Fresh Pan Pizza"], "crustSizes": ["regular", "medium"], "prices": {"Regular": "285", "Medium": "509"}}
{"name": "Potato Cheese Shots", "description": "Crisp and golden outside,flavorful burst of cheese, potato & spice inside", "price": "85", "category": "side orders", "image": "https://www.dominos.co.in//files/items/potato_cheese_shots.png", "crusts": [], "crustSizes": ["regular", "medium", "large"], "prices": {}}
{"name": "Moroccan Spice Pasta Veg", "description": "Instant Fusilli Pasta, Harissa Sauce, Onion, Mushroom, Olives, Parsley sprinkle", "price": "145", "category": "pasta", "image": "https://www.dominos.co.in//files/items/MoroccanPastaVeg_N_(1).jpg", "crusts": [], "crustSizes": ["regular", "medium", "large"], "prices": {}}
{"name": "Mexican Green Wave", "description": "A pizza loaded with crunchy onions, crisp capsicum, juicy tomatoes and jalapeno with a liberal sprinkling of exotic Mexican herbs.", "price": "469", "category": "veg pizzas", "image": "https://www.dominos.co.in//files/items/Mexican_Green_Wave.jpg", "crusts": ["Classic Hand Tossed", "Cheese Burst", "New Hand Tossed", "Wheat Thin Crust", "Fresh Pan Pizza", "Classic Hand Tossed", "Cheese Burst", "New Hand Tossed", "Wheat Thin Crust", "Fresh Pan Pizza"], "crustSizes": ["regular", "medium", "large"], "prices": {"Regular": "265", "Medium": "469", "Large": "705"}}
{"name": "Creamy Tomato Pasta Non Veg", "description": "Instant Fusilli Pasta, Creamy Culinary Dressing, Onion, Olives, BBQ Pepper Chicken, Parsley sprinkle", "price": "509", "category": "pasta", "image": "https://www.dominos.co.in//files/items/CreamyTomatoNV_N.jpg", "crusts": [], "crustSizes": ["regular", "medium", "large"], "prices": {"Regular": "285", "Medium": "509"}}
{"name": "Burger Pizza- Premium Veg", "description": "", "price": "149", "category": "burger pizza", "image": "https://www.dominos.co.in//files/items/160790_Burger_Pizza_427X298_Pixel.jpg", "crusts": [], "crustSizes": ["regular", "medium", "large"], "prices": {"Regular": "", "Medium": ""}}
{"name": "Pepper Barbecue Chicken", "description": "Pepper Barbecue Chicken I Cheese", "price": "455", "category": "non veg pizzas", "image": "https://www.dominos.co.in//files/items/MicrosoftTeams-image_(15).png", "crusts": ["Classic Hand Tossed", "Cheese Burst", "New Hand Tossed", "Wheat Thin Crust", "Fresh Pan Pizza", "Classic Hand Tossed", "Cheese Burst", "New Hand Tossed", "Wheat Thin Crust", "Fresh Pan Pizza"], "crustSizes": ["regular", "medium", "large"], "prices": {"Regular": "255", "Medium": "455", "Large": "679"}}
{"name": "Butterscotch Mousse Cake", "description": "A Creamy & Chocolaty indulgence with layers of rich, fluffy Butterscotch Cream and delicious Dark Chocolate Cake, topped with crunchy Dark Chocolate morsels - for a perfect dessert treat!", "price": "109", "category": "side orders", "image": "https://www.dominos.co.in//files/items/170046_BMC_image_for_Website_272X272.jpg", "crusts": [], "crustSizes": ["regular", "medium", "large"], "prices": {}}
{"name": "Fresh Veggie", "description": "Onion & Capsicum", "price": "385", "category": "veg pizzas", "image": "https://www.dominos.co.in//files/items/Fresh_Veggie.jpg", "crusts": ["Classic Hand Tossed", "Cheese Burst", "New Hand Tossed", "Wheat Thin Crust", "Fresh Pan Pizza", "Classic Hand Tossed", "Cheese Burst", "New Hand Tossed", "Wheat Thin Crust", "Fresh Pan Pizza"], "crustSizes": ["regular", "medium", "large"], "prices": {"Regular": "215", "Medium": "385", "Large": "619"}}
{"name": "Cheese Jalapeno Dip", "description": "A soft creamy cheese dip spiced with jalapeno.", "price": "25", "category": "side orders", "image": "https://www.dominos.co.in//files/items/_thumb_17451.png", "crusts": [], "crustSizes": ["regular", "medium", "large"], "prices": {}}
{"name": "Veg Extravaganza", "description": "A pizza that decidedly staggers under an overload of golden corn, exotic black olives, crunchy onions, crisp capsicum, succulent mushrooms, juicyfresh tomatoes and jalapeno - with extra cheese to go all around.", "price": "450", "category": "veg pizzas", "image": "https://www.dominos.co.in//files/items/Veg_Extravaganz.jpg", "crusts": ["Classic Hand Tossed", "Cheese Burst", "New Hand Tossed", "Wheat Thin Crust", "Fresh Pan Pizza", "Classic Hand Tossed", "Cheese Burst", "New Hand Tossed", "Wheat Thin Crust", "Fresh Pan Pizza"], "crustSizes": ["regular", "medium", "large"], "prices": {"Regular": "279", "Medium": "499", "Large": "729"}}
{"name": "Golden Corn", "description": "Golden Corn - Sweet Corn Pizza", "price": "75", "category": "pizza mania", "image": "https://www.dominos.co.in//files/items/golden_corn_veg.jpg", "crusts": ["New Hand Tossed", "New Hand Tossed"], "crustSizes": ["regular"], "prices": {}}
{"name": "Farm House", "description": "A pizza that goes ballistic on veggies! Check out this mouth watering overload of crunchy, crisp capsicum, succulent mushrooms and fresh tomatoes", "price": "469", "category": "veg pizzas", "image": "https://www.dominos.co.in//files/items/Farmhouse.jpg", "crusts": ["Classic Hand Tossed", "Cheese Burst", "New Hand Tossed", "Wheat Thin Crust", "Fresh Pan Pizza", "Classic Hand Tossed", "Cheese Burst", "New Hand Tossed", "Wheat Thin Crust", "Fresh Pan Pizza"], "crustSizes": ["regular", "medium", "large"], "prices": {"Regular": "265", "Medium": "469", "Large": "705"}}
{"name": "Lava Cake", "description": "Filled with delecious molten chocolate inside.", "price": "99", "category": "side orders", "image": "https://www.dominos.co.in//files/items/choco-lava-cake-771.jpg", "crusts": [], "crustSizes": ["regular", "medium", "large"], "prices": {}}
{"name": "Pepper Barbecue Chicken", "description": "Pepper Barbecue Chicken", "price": "455", "category": "pizza mania", "image": "https://www.dominos.co.in//files/items/PepperBarbecueChicken.jpg", "crusts": ["New Hand Tossed", "New Hand Tossed"], "crustSizes": ["regular"], "prices": {"Regular": "255", "Medium": "455", "Large": "679"}}
{"name": "7up (500ml)", "description": "", "price": "60.00", "category": "beverages", "image": "https://www.dominos.co.in//files/items/7up.png"}
{"name": "Pepper Barbecue & Onion", "description": "Pepper Barbecue Chicken I Onion", "price": "385", "category": "non veg pizzas", "image": "https://www.dominos.co.in//files/items/Pepper_Barbeque_&_Onion.jpg", "crusts": ["Classic Hand Tossed", "Cheese Burst", "New Hand Tossed", "Wheat Thin Crust", "Fresh Pan Pizza", "Classic Hand Tossed", "Cheese Burst", "New Hand Tossed", "Wheat Thin Crust", "Fresh Pan Pizza"], "crustSizes": ["regular", "medium", "large"], "prices": {"Regular": "239", "Medium": "419", "Large": "629"}}
{"name": "Chicken Fiesta", "description": "Grilled Chicken Rashers I Peri-Peri Chicken I Onion I Capsicum", "price": "559", "category": "non veg pizzas", "image": "https://www.dominos.co.in//files/items/MicrosoftTeams-image_(10).png", "crusts": ["Classic Hand Tossed", "Cheese Burst", "New Hand Tossed", "Wheat Thin Crust", "Fresh Pan Pizza", "Classic Hand Tossed", "Cheese Burst", "New Hand Tossed", "Wheat Thin Crust", "Fresh Pan Pizza"], "crustSizes": ["regular", "medium", "large"], "prices": {"Regular": "315", "Medium": "559", "Large": "829"}}
{"name": "Chicken Golden Delight", "description": "Mmm! Barbeque chicken with a topping of golden corn loaded with extra cheese. Worth its weight in gold!", "price": "450", "category": "non veg pizzas", "image": "https://www.dominos.co.in//files/items/MicrosoftTeams-image_(14).png", "crusts": ["Classic Hand Tossed", "Cheese Burst", "New Hand Tossed", "Wheat Thin Crust", "Fresh Pan Pizza", "Classic Hand Tossed", "Cheese Burst", "New Hand Tossed", "Wheat Thin Crust", "Fresh Pan Pizza"], "crustSizes": ["regular", "medium", "large"], "prices": {"Regular": "279", "Medium": "499", "Large": "729"}}
{"name": "Tikka Masala Pasta Non Veg", "description": "Instant Fusilli Pasta, Spicy Red dressing, Onion, Chicken Tikka, Parsley sprinkle", "price": "155", "category": "pasta", "image": "https://www.dominos.co.in//files/items/ChickenTikkaMasala_N.jpg", "crusts": [], "crustSizes": ["regular", "medium", "large"], "prices": {}}
{"name": "Peppy Paneer", "description": "Chunky paneer with crisp capsicum and spicy red pepper - quite a mouthful!", "price": "469", "category": "veg pizzas", "image": "https://www.dominos.co.in//files/items/Peppy_Paneer.jpg", "crusts": ["Classic Hand Tossed", "Cheese Burst", "New Hand Tossed", "Wheat Thin Crust", "Fresh Pan Pizza", "Classic Hand Tossed", "Cheese Burst", "New Hand Tossed", "Wheat Thin Crust", "Fresh Pan Pizza"], "crustSizes": ["regular", "medium", "large"], "prices": {"Regular": "265", "Medium": "419", "Large": "705"}}
{"name": "Moroccan Spice Pasta Pizza - Veg", "description": "A pizza loaded with a spicy combination of Harissa sauce and delicious pasta.", "price": "335", "category": "veg pizzas", "image": "https://www.dominos.co.in//files/items/MoroccanSpicePPVG_N.jpg", "crusts": ["New Hand Tossed", "Wheat Thin Crust", "New Hand Tossed", "Wheat Thin Crust"], "crustSizes": ["regular", "medium"], "prices": {"Regular": "185", "Medium": "335"}}
{"name": "Garlic Breadsticks", "description": "The endearing tang of garlic in breadstics baked to perfection.", "price": "95", "category": "side orders", "image": "https://www.dominos.co.in//files/items/garlic-bread.webp", "crusts": [], "crustSizes": ["regular", "medium", "large"], "prices": {}}
{"name": "Chicken Maximus", "description": "Loaded to the Max with Chicken Tikka, Chicken Keema, Chicken Sausage and a double dose of grilled Chicken Rashers.", "price": "709", "category": "chicken lovers pizza", "image": "https://www.dominos.co.in//files/items/chi_max.jpg", "crusts": ["New Hand Tossed", "Wheat Thin Crust", "Fresh Pan Pizza", "New Hand Tossed", "Wheat Thin Crust", "Fresh Pan Pizza"], "crustSizes": ["regular", "medium", "large"], "prices": {"Regular": "405", "Medium": "709", "Large": "1049"}}
{"name": "Creamy Tomato Pasta Pizza - Non Veg", "description": "Loaded with a delicious creamy tomato pasta topping , green capsicum, crunchy red and yellow bell peppers and black olives", "price": "509", "category": "non veg pizzas", "image": "https://www.dominos.co.in//files/items/CreamyTomatoPPVG.jpg", "crusts": ["New Hand Tossed", "Wheat Thin Crust", "Fresh Pan Pizza", "New Hand Tossed", "Wheat Thin Crust", "Fresh Pan Pizza"], "crustSizes": ["regular", "medium"], "prices": {"Regular": "285", "Medium": "509"}}
{"name": "Tomato", "description": "Juicy tomato in a flavourful combination with cheese I tangy sauce", "price": "59", "category": "pizza mania", "image": "https://www.dominos.co.in//files/items/pizza_mania_tomato.png", "crusts": [], "crustSizes": ["regular", "medium", "large"], "prices": {}}
{"name": "Pepsi (500ml)", "description": "", "price": "60", "category": "beverages", "image": "https://www.dominos.co.in//files/items/pepsi.png"}
{"name": "Chicken Keema Paratha Pizza", "description": "Flavourful & meaty chicken keema paratha and goodness of cheesy pizza coming together in an epic crossover!", "price": "255", "category": "paratha pizza", "image": "https://www.dominos.co.in//files/items/chickenkeemaparatha.jpg", "crusts": [], "crustSizes": ["regular", "medium", "large"], "prices": {}}
{"name": "Indi Tandoori Paneer", "description": "It is hot. It is spicy. It is oh-so-Indian. Tandoori paneer with capsicum I red paprika I mint mayo", "price": "559", "category": "veg pizzas", "image": "https://www.dominos.co.in//files/items/IndianTandooriPaneer.jpg", "crusts": [], "crustSizes": ["regular", "medium", "large"], "prices": {"Regular": "305", "Medium": "559", "Large": "815"}}
{"name": "Tikka Masala Pasta Veg", "description": "", "price": "129", "category": "pasta", "image": "https://www.dominos.co.in//files/items/PaneerTikkaMasala_N.jpg", "crusts": [], "crustSizes": ["regular", "medium", "large"], "prices": {}}
{"name": "Veg Loaded", "description": "Tomato | Grilled Mushroom |Jalapeno |Golden Corn | Beans in a fresh pan crust", "price": "119", "category": "pizza mania", "image": "https://www.dominos.co.in//files/items/PrimeLoadedL.jpg", "crusts": [], "crustSizes": ["regular"], "prices": {}}
{"name": "Lipton Ice Tea (250ml)", "description": "", "price": "50.00", "category": "beverages", "image": "https://www.dominos.co.in//files/items/lipton.png"}
